Series Name,Series Code,Country Name,Country Code,1990 [YR1990],2000 [YR2000],2015 [YR2015],2016 [YR2016],2017 [YR2017],2018 [YR2018],2019 [YR2019],2020 [YR2020],2021 [YR2021],2022 [YR2022],2023 [YR2023],2024 [YR2024]
Fixed broadband subscriptions,IT.NET.BBND,Afghanistan,AFG,..,..,7070,8800,9180,16000,19700,26600,26600,32299.9999999999,33200,..
Fixed broadband subscriptions,IT.NET.BBND,Albania,ALB,..,..,243000,266000,304000,362000,436000,509000,559000,585000,632000,..
Fixed broadband subscriptions,IT.NET.BBND,Algeria,DZA,..,..,2270000,2860000,3210000,3070000,3580000,3790000,4179999.99999999,4710000,5540000,..
Fixed broadband subscriptions,IT.NET.BBND,American Samoa,ASM,..,..,..,..,..,..,..,..,..,..,..,..
Fixed broadband subscriptions,IT.NET.BBND,Andorra,AND,..,..,30700,32500,34300,35700,36400,37700,39400,40800,41800,..
Fixed broadband subscriptions,IT.NET.BBND,Angola,AGO,..,..,154000,84700,96900,110000,119000,122000,135000,138000,137000,..
Fixed broadband subscriptions,IT.NET.BBND,Antigua and Barbuda,ATG,..,..,10000,9260,9000,..,8000,8000,8000,9920,..,..
Fixed broadband subscriptions,IT.NET.BBND,Argentina,ARG,..,..,6860000,7250000,7840000,8470000,8790000,9570000,10500000,11200000,11500000,..
Fixed broadband subscriptions,IT.NET.BBND,Armenia,ARM,..,..,286000,299000,315000,347000,386000,430000,467000,511000,546000,..
Fixed broadband subscriptions,IT.NET.BBND,Aruba,ABW,..,..,19000,..,..,..,19000,19000,19000,18800,..,..
Fixed broadband subscriptions,IT.NET.BBND,Australia,AUS,..,..,6830000,7370000,7920000,8430000,8800000,9100000,9300000,9580000,9630000,..
Fixed broadband subscriptions,IT.NET.BBND,Austria,AUT,..,191000,2460000,2520000,2510000,2520000,2520000,2610000,2620000,2650000,2710000,..
Fixed broadband subscriptions,IT.NET.BBND,Azerbaijan,AZE,..,..,1900000,1800000,1810000,1890000,1940000,2000000,2060000,2100000,2150000,..
Fixed broadband subscriptions,IT.NET.BBND,"Bahamas, The",BHS,..,..,81000,85100,86900,81200,82300,83000,82200,84000,95100,..
Fixed broadband subscriptions,IT.NET.BBND,Bahrain,BHR,..,..,253000,232000,194000,126000,141000,151000,248000,276000,268000,..
Fixed broadband subscriptions,IT.NET.BBND,Bangladesh,BGD,..,..,4890000,6590000,7300000,8050000,8090000,10100000,11100000,12100000,12900000,..
Fixed broadband subscriptions,IT.NET.BBND,Barbados,BRB,..,..,78300,86900,89300,89300,107000,128000,103000,106000,..,..
Fixed broadband subscriptions,IT.NET.BBND,Belarus,BLR,..,..,2900000,3070000,3160000,3200000,3210000,3260000,3240000,3130000,3200000,..
Fixed broadband subscriptions,IT.NET.BBND,Belgium,BEL,..,144000,4120000,4270000,4380000,4500000,4590000,4730000,4980000,5070000,5120000,..
Fixed broadband subscriptions,IT.NET.BBND,Belize,BLZ,..,..,17400,18400,19000,24700,29600,36000,36000,39300,..,..
Fixed broadband subscriptions,IT.NET.BBND,Benin,BEN,..,..,73300,22300,28600,27000,25400,30000,20700,21100,24100,..
Fixed broadband subscriptions,IT.NET.BBND,Bermuda,BMU,..,..,30000,22800,22800,..,23000,23000,23000,23000,..,..
Fixed broadband subscriptions,IT.NET.BBND,Bhutan,BTN,..,..,27900,16500,16700,10800,8770,3190,2830,4930,10400,..
Fixed broadband subscriptions,IT.NET.BBND,Bolivia,BOL,..,..,181000,288000,380000,504000,747000,932000,1130000,1330000,..,..
Fixed broadband subscriptions,IT.NET.BBND,Bosnia and Herzegovina,BIH,..,27,635000,662000,700000,716000,746000,770000,798000,876000,908000,..
Fixed broadband subscriptions,IT.NET.BBND,Botswana,BWA,..,..,36800,59100,32400,40000,49000,84800,133000,111000,84600,..
Fixed broadband subscriptions,IT.NET.BBND,Brazil,BRA,..,100000,25500000,26900000,28900000,31200000,32900000,36300000,41600000,45300000,48400000,..
Fixed broadband subscriptions,IT.NET.BBND,British Virgin Islands,VGB,..,..,6660,6220,5000,4720,5930,7090,7900,6820,..,..
Fixed broadband subscriptions,IT.NET.BBND,Brunei Darussalam,BRN,..,..,34400,36100,41100,49500,54200,71100,79400,90200,92800,..
Fixed broadband subscriptions,IT.NET.BBND,Bulgaria,BGR,..,..,1610000,1700000,1800000,1900000,2009999.99999999,2120000,2250000,2390000,2450000,..
Fixed broadband subscriptions,IT.NET.BBND,Burkina Faso,BFA,..,..,9350,12400,12400,13800,12000,14000,16300,15100,..,..
Fixed broadband subscriptions,IT.NET.BBND,Burundi,BDI,..,..,2770,3250,3910,3940,3890,4230,3950,4010,2790,..
Fixed broadband subscriptions,IT.NET.BBND,Cabo Verde,CPV,..,..,16600,15500,15000,15700,20300,24800,30500,34100,37800,..
Fixed broadband subscriptions,IT.NET.BBND,Cambodia,KHM,..,..,83500,97600,134000,166000,184000,234000,336000,510000,..,..
Fixed broadband subscriptions,IT.NET.BBND,Cameroon,CMR,..,..,20400,365000,382000,396000,401000,723000,601000,603000,..,..
Fixed broadband subscriptions,IT.NET.BBND,Canada,CAN,..,1410000,13100000,13400000,13900000,14400000,15100000,15600000,16000000,16399999.9999999,17000000,..
Fixed broadband subscriptions,IT.NET.BBND,Cayman Islands,CYM,..,..,27400,24500,31200,..,51000,32000,32000,40300,..,..
Fixed broadband subscriptions,IT.NET.BBND,Central African Republic,CAF,..,..,1860,736,619,608,499,..,499,820,..,..
Fixed broadband subscriptions,IT.NET.BBND,Chad,TCD,..,..,11300,5130,331,334,68,0,0,0,..,..
Fixed broadband subscriptions,IT.NET.BBND,Channel Islands,CHI,..,..,..,..,..,..,..,..,..,..,..,..
Fixed broadband subscriptions,IT.NET.BBND,Chile,CHL,..,7680,2720000,2900000,3060000,3250000,3430000,3760000,4280000,4450000,4520000,..
Fixed broadband subscriptions,IT.NET.BBND,China,CHN,..,22700,277000000,323000000,394000000,407000000,449000000,484000000,536000000,590000000,636000000,..
Fixed broadband subscriptions,IT.NET.BBND,Colombia,COL,..,8870,5530000,5910000,6330000,6680000,6950000,7760000,8430000,8800000,8910000,..
Fixed broadband subscriptions,IT.NET.BBND,Comoros,COM,..,..,1600,1630,1640,1530,1280,1190,1230,1830,3300,..
Fixed broadband subscriptions,IT.NET.BBND,"Congo, Dem. Rep.",COD,..,..,1000,1000,1000,4620,11900,31000,31000,33000,..,..
Fixed broadband subscriptions,IT.NET.BBND,"Congo, Rep.",COG,..,..,..,..,..,..,..,..,15100,26300,78400,..
Fixed broadband subscriptions,IT.NET.BBND,Costa Rica,CRI,..,..,559000,639000,744000,835000,905000,993000,1060000,1110000,1150000,..
Fixed broadband subscriptions,IT.NET.BBND,Cote d'Ivoire,CIV,..,..,110000,136000,143000,176000,217000,261000,335000,380000,425000,..
Fixed broadband subscriptions,IT.NET.BBND,Croatia,HRV,..,..,986000,1040000,1100000,1130000,1150000,1030000,1050000,1080000,1110000,..
Fixed broadband subscriptions,IT.NET.BBND,Cuba,CUB,..,..,8160,14400,33500,98800,183000,232000,297000,320000,327000,..
Fixed broadband subscriptions,IT.NET.BBND,Curacao,CUW,..,..,40000,42700,49300,51800,53300,58500,60400,61000,..,..
Fixed broadband subscriptions,IT.NET.BBND,Cyprus,CYP,..,..,261000,278000,296000,314000,327000,332000,341000,349000,357000,..
Fixed broadband subscriptions,IT.NET.BBND,Czechia,CZE,..,2500,2950000,3070000,3150000,3220000,3740000,3850000,3950000,4030000,4099999.99999999,..
Fixed broadband subscriptions,IT.NET.BBND,Denmark,DNK,..,67000,2400000,2460000,2510000,2540000,2540000,2590000,2630000,2650000,2650000,..
Fixed broadband subscriptions,IT.NET.BBND,Djibouti,DJI,..,4,24200,24300,24400,25500,24400,25100,15600,16100,17000,..
Fixed broadband subscriptions,IT.NET.BBND,Dominica,DMA,..,80,15200,15500,15400,11500,15200,18300,14100,13900,..,..
Fixed broadband subscriptions,IT.NET.BBND,Dominican Republic,DOM,..,..,686000,761000,821000,861000,930000,1030000,1150000,1200000,1260000,..
Fixed broadband subscriptions,IT.NET.BBND,Ecuador,ECU,..,..,1490000,1610000,1780000,1950000,2089999.99999999,2370000,2480000,2690000,2890000,..
Fixed broadband subscriptions,IT.NET.BBND,"Egypt, Arab Rep.",EGY,..,..,3830000,4470000,5230000,6620000,7570000,9340000,10800000,12000000,13600000,..
Fixed broadband subscriptions,IT.NET.BBND,El Salvador,SLV,..,..,353000,395000,451000,492000,525000,586000,613000,671000,..,..
Fixed broadband subscriptions,IT.NET.BBND,Equatorial Guinea,GNQ,..,..,3800,3380,1900,1620,1000,1840,1720,1820,..,..
Fixed broadband subscriptions,IT.NET.BBND,Eritrea,ERI,..,..,500,600,1000,..,3000,5000,5000,5640,..,..
Fixed broadband subscriptions,IT.NET.BBND,Estonia,EST,..,..,390000,414000,428000,441000,449000,456000,498000,514000,516000,..
Fixed broadband subscriptions,IT.NET.BBND,Eswatini,SWZ,..,..,6000,7000,15500,21900,24100,27300,30800,26600,33800,..
Fixed broadband subscriptions,IT.NET.BBND,Ethiopia,ETH,..,..,478000,559000,63000,..,159000,212000,488000,566000,..,..
Fixed broadband subscriptions,IT.NET.BBND,Faroe Islands,FRO,..,..,17800,18000,18000,18200,18200,18400,18400,18700,..,..
Fixed broadband subscriptions,IT.NET.BBND,Fiji,FJI,..,..,12700,12300,12100,19100,21500,23100,23100,23300,..,..
Fixed broadband subscriptions,IT.NET.BBND,Finland,FIN,..,35000,1730000,1710000,1710000,1740000,1800000,1850000,1860000,1910000,1980000,..
Fixed broadband subscriptions,IT.NET.BBND,France,FRA,..,197000,26900000,27700000,28500000,29100000,29800000,30600000,31500000,32000000,32299999.9999999,..
Fixed broadband subscriptions,IT.NET.BBND,French Polynesia,PYF,..,..,51900,55400,57700,59800,62000,64000,74800,78300,..,..
Fixed broadband subscriptions,IT.NET.BBND,Gabon,GAB,..,..,11100,15000,14700,21100,24400,44600,63000,80300,..,..
Fixed broadband subscriptions,IT.NET.BBND,"Gambia, The",GMB,..,..,3570,3750,4000,4430,5000,5000,5000,5690,..,..
Fixed broadband subscriptions,IT.NET.BBND,Georgia,GEO,..,..,636000,681000,776000,857000,937000,968000,1010000,1080000,1100000,..
Fixed broadband subscriptions,IT.NET.BBND,Germany,DEU,..,265000,30700000,31900000,33200000,34200000,35200000,36200000,36900000,37500000,38400000,..
Fixed broadband subscriptions,IT.NET.BBND,Ghana,GHA,..,..,73100,86600,56800,61300,58500,78400,115000,207000,223000,..
Fixed broadband subscriptions,IT.NET.BBND,Gibraltar,GIB,..,..,15600,16400,17400,19000,19500,21000,22100,22900,..,..
Fixed broadband subscriptions,IT.NET.BBND,Greece,GRC,..,..,3440000,3620000,3780000,3960000,4110000,4260000,4440000,4470000,4480000,..
Fixed broadband subscriptions,IT.NET.BBND,Greenland,GRL,..,..,10000,..,12200,13500,14600,15700,16800,17900,..,..
Fixed broadband subscriptions,IT.NET.BBND,Grenada,GRD,..,..,19800,20800,22200,27000,31800,32000,30500,34800,..,..
Fixed broadband subscriptions,IT.NET.BBND,Guam,GUM,..,..,..,..,..,..,3000,3000,3000,3040,..,..
Fixed broadband subscriptions,IT.NET.BBND,Guatemala,GTM,..,..,460000,506000,531000,..,585000,612000,612000,897000,921000,..
Fixed broadband subscriptions,IT.NET.BBND,Guinea,GIN,..,..,1000,1100,1130,1210,1250,1000,1000,882,..,..
Fixed broadband subscriptions,IT.NET.BBND,Guinea-Bissau,GNB,..,..,1050,886,853,1200,1230,2380,3300,4620,6690,..
Fixed broadband subscriptions,IT.NET.BBND,Guyana,GUY,..,..,53700,57200,64900,..,83000,95000,95000,106000,..,..
Fixed broadband subscriptions,IT.NET.BBND,Haiti,HTI,..,..,1350,1350,29900,31100,31100,31000,31000,35300,..,..
Fixed broadband subscriptions,IT.NET.BBND,Honduras,HND,..,..,197000,220000,238000,355000,390000,397000,421000,461000,476000,..
Fixed broadband subscriptions,IT.NET.BBND,"Hong Kong SAR, China",HKG,..,444000,2350000,2630000,2660000,2710000,2800000,2890000,2940000,2980000,2970000,..
Fixed broadband subscriptions,IT.NET.BBND,Hungary,HUN,..,3400,2720000,2810000,2960000,3080000,3190000,3270000,3380000,3540000,3560000,..
Fixed broadband subscriptions,IT.NET.BBND,Iceland,ISL,..,2360,124000,128000,135000,138000,139000,142000,143000,142000,145000,..
Fixed broadband subscriptions,IT.NET.BBND,India,IND,..,..,16900000,18700000,17900000,18200000,19200000,23000000,27600000,33500000,39300000,..
Fixed broadband subscriptions,IT.NET.BBND,Indonesia,IDN,..,4000,3980000,5230000,6220000,8870000,10300000,10800000,12400000,13400000,13500000,..
Fixed broadband subscriptions,IT.NET.BBND,"Iran, Islamic Rep.",IRN,..,176,6610000,7610000,8600000,9810000,8630000,9560000,10700000,10900000,10900000,..
Fixed broadband subscriptions,IT.NET.BBND,Iraq,IRQ,..,..,..,..,4290000,4490000,4560000,6250000,6390000,6390000,7770000,..
Fixed broadband subscriptions,IT.NET.BBND,Ireland,IRL,..,..,1310000,1360000,1400000,1430000,1460000,1520000,1580000,1610000,1650000,..
Fixed broadband subscriptions,IT.NET.BBND,Isle of Man,IMN,..,..,..,..,..,..,..,..,..,..,..,..
Fixed broadband subscriptions,IT.NET.BBND,Israel,ISR,..,..,2170000,2260000,2340000,2440000,2480000,2600000,2660000,2660000,2760000,..
Fixed broadband subscriptions,IT.NET.BBND,Italy,ITA,..,115000,14900000,15600000,16600000,17200000,17500000,18100000,18700000,18600000,20100000,..
Fixed broadband subscriptions,IT.NET.BBND,Jamaica,JAM,..,..,229000,286000,239000,285000,318000,386000,414000,425000,448000,..
Fixed broadband subscriptions,IT.NET.BBND,Japan,JPN,..,855000,38900000,39800000,40500000,41500000,42500000,44000000,45200000,46100000,47900000,..
Fixed broadband subscriptions,IT.NET.BBND,Jordan,JOR,..,..,310000,297000,332000,400000,457000,631000,715000,796000,805000,..
Fixed broadband subscriptions,IT.NET.BBND,Kazakhstan,KAZ,..,..,2300000,2350000,2580000,2460000,2510000,2620000,2750000,2900000,3590000,..
Fixed broadband subscriptions,IT.NET.BBND,Kenya,KEN,..,..,135000,133000,288000,371000,491000,674000,789000,1040000,1320000,..
Fixed broadband subscriptions,IT.NET.BBND,Kiribati,KIR,..,..,117,110,111,87,105,185,111,90,440,..
Fixed broadband subscriptions,IT.NET.BBND,"Korea, Dem. People's Rep.",PRK,..,..,..,..,..,..,..,..,..,..,..,..
Fixed broadband subscriptions,IT.NET.BBND,"Korea, Rep.",KOR,..,3870000,20000000,20600000,21200000,21300000,21800000,22300000,22900000,23500000,24100000,..
Fixed broadband subscriptions,IT.NET.BBND,Kosovo,XKX,..,..,..,..,..,..,..,..,..,..,..,..
Fixed broadband subscriptions,IT.NET.BBND,Kuwait,KWT,..,..,55000,101000,118000,104000,84600,73900,70500,62600,49000,..
Fixed broadband subscriptions,IT.NET.BBND,Kyrgyz Republic,KGZ,..,..,212000,241000,258000,251000,269000,289000,302000,390000,456000,..
Fixed broadband subscriptions,IT.NET.BBND,Lao PDR,LAO,..,..,14600,24400,27200,45400,76300,123000,151000,183000,..,..
Fixed broadband subscriptions,IT.NET.BBND,Latvia,LVA,..,284,504000,519000,526000,526000,509000,491000,490000,489000,489000,..
Fixed broadband subscriptions,IT.NET.BBND,Lebanon,LBN,..,..,..,..,..,..,420000,432000,432000,419000,..,..
Fixed broadband subscriptions,IT.NET.BBND,Lesotho,LSO,..,..,2060,2230,4820,5760,4620,5060,8000,9090,8870,..
Fixed broadband subscriptions,IT.NET.BBND,Liberia,LBR,..,..,7000,8000,9000,..,11000,13000,13000,14800,..,..
Fixed broadband subscriptions,IT.NET.BBND,Libya,LBY,..,..,61000,169000,318000,..,318000,332000,332000,326000,..,..
Fixed broadband subscriptions,IT.NET.BBND,Liechtenstein,LIE,..,..,15700,15900,16300,16700,17200,18100,18600,19200,19700,..
Fixed broadband subscriptions,IT.NET.BBND,Lithuania,LTU,..,..,833000,858000,799000,789000,790000,797000,802000,809000,806000,..
Fixed broadband subscriptions,IT.NET.BBND,Luxembourg,LUX,..,..,195000,203000,215000,224000,232000,235000,244000,250000,..,..
Fixed broadband subscriptions,IT.NET.BBND,"Macao SAR, China",MAC,..,3730,170000,178000,186000,193000,200000,208000,206000,209000,212000,..
Fixed broadband subscriptions,IT.NET.BBND,Madagascar,MDG,..,..,23700,26400,25100,27200,30000,32000,30900,32700,33600,..
Fixed broadband subscriptions,IT.NET.BBND,Malawi,MWI,..,..,5860,8690,10800,11400,11400,12300,13400,14900,16800,..
Fixed broadband subscriptions,IT.NET.BBND,Malaysia,MYS,..,..,3060000,2720000,2690000,2700000,2960000,3360000,3730000,4220000,4580000,..
Fixed broadband subscriptions,IT.NET.BBND,Maldives,MDV,..,..,23200,29300,36500,47400,53200,63700,76500,91200,98500,..
Fixed broadband subscriptions,IT.NET.BBND,Mali,MLI,..,..,3500,21400,15400,121000,143000,244000,145000,179000,..,..
Fixed broadband subscriptions,IT.NET.BBND,Malta,MLT,..,1660,163000,171000,181000,192000,203000,213000,221000,229000,236000,..
Fixed broadband subscriptions,IT.NET.BBND,Marshall Islands,MHL,..,..,1000,1000,1000,1000,1000,1000,942,942,..,..
Fixed broadband subscriptions,IT.NET.BBND,Mauritania,MRT,..,..,9640,11100,12600,13200,10800,18500,19200,13900,..,..
Fixed broadband subscriptions,IT.NET.BBND,Mauritius,MUS,..,..,197000,213000,246000,275000,307000,323000,329000,334000,343000,..
Fixed broadband subscriptions,IT.NET.BBND,Mexico,MEX,..,15000,14800000,15900000,17000000,18400000,19400000,22500000,24600000,26300000,26600000,..
Fixed broadband subscriptions,IT.NET.BBND,"Micronesia, Fed. Sts.",FSM,..,..,3280,3170,3780,..,5000,6000,6000,6520,..,..
Fixed broadband subscriptions,IT.NET.BBND,Moldova,MDA,..,..,534000,557000,584000,623000,671000,719000,762000,800000,841000,..
Fixed broadband subscriptions,IT.NET.BBND,Monaco,MCO,..,800,18400,18600,19300,19700,20500,20900,21200,21500,21800,..
Fixed broadband subscriptions,IT.NET.BBND,Mongolia,MNG,..,..,208000,226000,285000,306000,318000,308000,380000,437000,499000,..
Fixed broadband subscriptions,IT.NET.BBND,Montenegro,MNE,..,..,112000,115000,137000,159000,179000,184000,188000,196000,203000,..
Fixed broadband subscriptions,IT.NET.BBND,Morocco,MAR,..,..,1150000,1260000,1380000,1550000,1750000,2100000,2270000,2420000,..,..
Fixed broadband subscriptions,IT.NET.BBND,Mozambique,MOZ,..,..,42600,46600,61600,70100,70000,70000,65500,64599.9999999999,..,..
Fixed broadband subscriptions,IT.NET.BBND,Myanmar,MMR,..,..,32900,89700,112000,129000,486000,689000,893000,1130000,1510000,..
Fixed broadband subscriptions,IT.NET.BBND,Namibia,NAM,..,..,70400,64300,65800,62900,69000,78800,89300,95100,104000,..
Fixed broadband subscriptions,IT.NET.BBND,Nauru,NRU,..,..,..,..,..,..,..,..,..,1180,..,..
Fixed broadband subscriptions,IT.NET.BBND,Nepal,NPL,..,..,303000,224000,503000,792000,1030000,1270000,1270000,1440000,..,..
Fixed broadband subscriptions,IT.NET.BBND,Netherlands,NLD,..,260000,7030000,7220000,7290000,7410000,7460000,7530000,7610000,7800000,7830000,..
Fixed broadband subscriptions,IT.NET.BBND,New Caledonia,NCL,..,..,55400,..,..,..,55000,55000,55000,55600,..,..
Fixed broadband subscriptions,IT.NET.BBND,New Zealand,NZL,..,4660,1450000,1530000,1580000,1650000,1700000,1760000,1800000,1860000,1930000,..
Fixed broadband subscriptions,IT.NET.BBND,Nicaragua,NIC,..,700,116000,177000,210000,192000,218000,290000,300000,337000,371000,..
Fixed broadband subscriptions,IT.NET.BBND,Niger,NER,..,..,27200,7710,8650,..,11000,12000,12000,13700,..,..
Fixed broadband subscriptions,IT.NET.BBND,Nigeria,NGA,..,..,15700,108000,111000,74000,83400,65300,65900,96800,117000,..
Fixed broadband subscriptions,IT.NET.BBND,North Macedonia,MKD,..,..,364000,382000,396000,428000,454000,476000,499000,515000,..,..
Fixed broadband subscriptions,IT.NET.BBND,Northern Mariana Islands,MNP,..,..,..,..,..,..,..,..,..,..,..,..
Fixed broadband subscriptions,IT.NET.BBND,Norway,NOR,..,23300,2049999.99999999,2110000,2170000,2210000,2260000,2390000,2430000,2490000,..,..
Fixed broadband subscriptions,IT.NET.BBND,Oman,OMN,..,..,233000,285000,349000,422000,473000,509000,525000,537000,562000,..
Fixed broadband subscriptions,IT.NET.BBND,Pakistan,PAK,..,..,1790000,2490000,2320000,2160000,2029999.99999999,2440000,2950000,3130000,3360000,..
Fixed broadband subscriptions,IT.NET.BBND,Palau,PLW,..,..,1220,..,..,..,..,..,..,1240,1300,..
Fixed broadband subscriptions,IT.NET.BBND,Panama,PAN,..,..,316000,430000,441000,540000,536000,594000,645000,721000,809000,..
Fixed broadband subscriptions,IT.NET.BBND,Papua New Guinea,PNG,..,..,15000,17000,18000,..,20000,21000,21000,21900,..,..
Fixed broadband subscriptions,IT.NET.BBND,Paraguay,PRY,..,150,215000,247000,290000,321000,412000,562000,723000,738000,878000,..
Fixed broadband subscriptions,IT.NET.BBND,Peru,PER,..,1080,2000000,2120000,2310000,2580000,2400000,2760000,3000000,3160000,3530000,..
Fixed broadband subscriptions,IT.NET.BBND,Philippines,PHL,..,..,2900000,2990000,3400000,3790000,6310000,7940000,9620000,8740000,7510000,..
Fixed broadband subscriptions,IT.NET.BBND,Poland,POL,..,..,7270000,7330000,7630000,7850000,7840000,8369999.99999999,8680000,9150000,10100000,..
Fixed broadband subscriptions,IT.NET.BBND,Portugal,PRT,..,25200,3140000,3380000,3570000,3780000,3970000,4160000,4310000,4470000,4600000,..
Fixed broadband subscriptions,IT.NET.BBND,Puerto Rico,PRI,..,..,704000,687000,660000,609000,610000,670000,769000,722000,751000,..
Fixed broadband subscriptions,IT.NET.BBND,Qatar,QAT,..,..,238000,254000,257000,268000,285000,296000,312000,366000,347000,..
Fixed broadband subscriptions,IT.NET.BBND,Romania,ROU,..,..,4260000,4450000,4750000,5090000,5280000,5680000,6100000,6370000,6630000,..
Fixed broadband subscriptions,IT.NET.BBND,Russian Federation,RUS,..,..,26900000,27500000,31100000,32100000,32900000,33900000,34600000,35900000,..,..
Fixed broadband subscriptions,IT.NET.BBND,Rwanda,RWA,..,..,21100,21700,21800,7500,8890,17700,31900,47800,62200,..
Fixed broadband subscriptions,IT.NET.BBND,Samoa,WSM,..,..,2080,2170,1690,1690,1690,1690,1690,1890,..,..
Fixed broadband subscriptions,IT.NET.BBND,San Marino,SMR,..,..,11600,12000,10500,10900,11100,11000,12000,12200,..,..
Fixed broadband subscriptions,IT.NET.BBND,Sao Tome and Principe,STP,..,..,1310,1430,1480,1560,1640,2510,3420,4580,5780,..
Fixed broadband subscriptions,IT.NET.BBND,Saudi Arabia,SAU,..,..,6340000,6400000,6650000,6820000,6800000,7890000,10600000,13500000,14500000,..
Fixed broadband subscriptions,IT.NET.BBND,Senegal,SEN,..,..,101000,98400,112000,130000,152000,177000,208000,248000,357000,..
Fixed broadband subscriptions,IT.NET.BBND,Serbia,SRB,..,..,1320000,1450000,1480000,1550000,1620000,1730000,1800000,1950000,2080000,..
Fixed broadband subscriptions,IT.NET.BBND,Seychelles,SYC,..,..,13400,14000,15200,19700,27000,35000,41300,37400,39400,..
Fixed broadband subscriptions,IT.NET.BBND,Sierra Leone,SLE,..,..,..,..,..,..,172,180,184,..,..,..
Fixed broadband subscriptions,IT.NET.BBND,Singapore,SGP,..,69000,1490000,1590000,1480000,1490000,1500000,1510000,1530000,1560000,1570000,..
Fixed broadband subscriptions,IT.NET.BBND,Sint Maarten (Dutch part),SXM,..,..,..,..,..,..,..,..,..,..,..,..
Fixed broadband subscriptions,IT.NET.BBND,Slovak Republic,SVK,..,..,1270000,1340000,1410000,1510000,1590000,1700000,1770000,1860000,1830000,..
Fixed broadband subscriptions,IT.NET.BBND,Slovenia,SVN,..,..,569000,589000,602000,613000,628000,652000,667000,677000,683000,..
Fixed broadband subscriptions,IT.NET.BBND,Solomon Islands,SLB,..,..,1420,1640,1170,1490,1050,1000,1000,836,..,..
Fixed broadband subscriptions,IT.NET.BBND,Somalia,SOM,..,..,82000,92000,98000,..,98000,119000,119000,119000,..,..
Fixed broadband subscriptions,IT.NET.BBND,South Africa,ZAF,..,..,1410000,1150000,1120000,1110000,1250000,1300000,1690000,1950000,2150000,..
Fixed broadband subscriptions,IT.NET.BBND,South Sudan,SSD,..,..,150,150,200,200,200,..,200,200,200,..
Fixed broadband subscriptions,IT.NET.BBND,Spain,ESP,..,76400,13500000,14100000,14700000,15200000,15600000,16200000,16700000,17100000,18200000,..
Fixed broadband subscriptions,IT.NET.BBND,Sri Lanka,LKA,..,..,626000,892000,1220000,1540000,1670000,1780000,2390000,2200000,2009999.99999999,..
Fixed broadband subscriptions,IT.NET.BBND,St. Kitts and Nevis,KNA,..,..,16400,14200,29300,16400,20400,21500,20100,21800,..,..
Fixed broadband subscriptions,IT.NET.BBND,St. Lucia,LCA,..,..,28400,29800,31800,32299.9999999999,15800,35600,19100,24300,..,..
Fixed broadband subscriptions,IT.NET.BBND,St. Martin (French part),MAF,..,..,..,..,..,..,..,..,..,..,..,..
Fixed broadband subscriptions,IT.NET.BBND,St. Vincent and the Grenadines,VCT,..,..,17000,21900,19300,24600,21700,24700,27900,29600,30900,..
Fixed broadband subscriptions,IT.NET.BBND,Sudan,SDN,..,..,28100,26400,30500,31400,32800,28800,30400,29800,..,..
Fixed broadband subscriptions,IT.NET.BBND,Suriname,SUR,..,..,52700,71200,71200,73200,80400,92300,123000,125000,..,..
Fixed broadband subscriptions,IT.NET.BBND,Sweden,SWE,..,249000,3500000,3680000,3850000,3940000,4040000,4179999.99999999,4250000,4260000,4300000,..
Fixed broadband subscriptions,IT.NET.BBND,Switzerland,CHE,..,56400,3700000,3780000,3920000,3880000,4019999.99999999,4019999.99999999,4170000,4099999.99999999,4330000,..
Fixed broadband subscriptions,IT.NET.BBND,Syrian Arab Republic,SYR,..,..,729000,1010000,1420000,1330000,1490000,1550000,1580000,1610000,1620000,..
Fixed broadband subscriptions,IT.NET.BBND,Tajikistan,TJK,..,..,6000,6000,6000,..,6000,6000,6000,6240,..,..
Fixed broadband subscriptions,IT.NET.BBND,Tanzania,TZA,..,..,106000,318000,763000,861000,1040000,1140000,1240000,1430000,1660000,..
Fixed broadband subscriptions,IT.NET.BBND,Thailand,THA,..,..,6230000,7220000,8210000,9190000,10100000,11500000,12400000,12600000,11500000,..
Fixed broadband subscriptions,IT.NET.BBND,Timor-Leste,TLS,..,..,1030,..,3350,70,89,83,137,137,80,..
Fixed broadband subscriptions,IT.NET.BBND,Togo,TGO,..,..,66100,48800,50600,26200,31900,52700,66500,94300,114000,..
Fixed broadband subscriptions,IT.NET.BBND,Tonga,TON,..,..,2460,3000,3000,2520,3700,5000,6810,8590,..,..
Fixed broadband subscriptions,IT.NET.BBND,Trinidad and Tobago,TTO,..,..,279000,256000,327000,342000,339000,377000,371000,389000,404000,..
Fixed broadband subscriptions,IT.NET.BBND,Tunisia,TUN,..,..,574000,640000,802000,1010000,1190000,1330000,1500000,1690000,1730000,..
Fixed broadband subscriptions,IT.NET.BBND,Turkiye,TUR,..,..,9500000,10500000,11900000,13400000,14200000,16700000,18100000,19000000,19600000,..
Fixed broadband subscriptions,IT.NET.BBND,Turkmenistan,TKM,..,..,28200,46700,75200,114000,177000,237000,290000,377000,..,..
Fixed broadband subscriptions,IT.NET.BBND,Turks and Caicos Islands,TCA,..,..,..,..,..,..,..,..,..,..,..,..
Fixed broadband subscriptions,IT.NET.BBND,Tuvalu,TUV,..,..,450,450,450,..,..,..,450,452,..,..
Fixed broadband subscriptions,IT.NET.BBND,Uganda,UGA,..,..,80700,92100,..,..,32400,34600,38500,40300,44400,..
Fixed broadband subscriptions,IT.NET.BBND,Ukraine,UKR,..,..,4980000,5130000,5240000,5410000,6780000,7770000,7570000,7190000,8070000,..
Fixed broadband subscriptions,IT.NET.BBND,United Arab Emirates,ARE,..,1970,1230000,1300000,2760000,3020000,3050000,3250000,3570000,3770000,3950000,..
Fixed broadband subscriptions,IT.NET.BBND,United Kingdom,GBR,..,52900,24700000,25500000,26000000,26600000,26900000,27300000,27800000,28100000,28200000,..
Fixed broadband subscriptions,IT.NET.BBND,United States,USA,..,7070000,102000000,106000000,108000000,111000000,114000000,121000000,126000000,128000000,131000000,..
Fixed broadband subscriptions,IT.NET.BBND,Uruguay,URY,..,..,901000,922000,953000,977000,1010000,1060000,1110000,1140000,1100000,..
Fixed broadband subscriptions,IT.NET.BBND,Uzbekistan,UZB,..,..,1790000,2750000,3320000,4120000,3480000,5310000,7500000,9010000,10800000,..
Fixed broadband subscriptions,IT.NET.BBND,Vanuatu,VUT,..,..,4300,4390,..,..,7890,2790,3160,3530,..,..
Fixed broadband subscriptions,IT.NET.BBND,"Venezuela, RB",VEN,..,4470,2590000,2610000,2610000,2600000,2560000,2560000,2610000,2700000,..,..
Fixed broadband subscriptions,IT.NET.BBND,Viet Nam,VNM,..,..,7660000,9100000,11300000,13000000,14800000,16700000,19300000,21300000,22800000,..
Fixed broadband subscriptions,IT.NET.BBND,Virgin Islands (U.S.),VIR,..,..,9000,..,..,..,..,..,..,8710,..,..
Fixed broadband subscriptions,IT.NET.BBND,West Bank and Gaza,PSE,..,..,275000,321000,360000,364000,365000,377000,415000,421000,431000,..
Fixed broadband subscriptions,IT.NET.BBND,"Yemen, Rep.",YEM,..,..,395000,276000,369000,386000,382000,391000,406000,486000,..,..
Fixed broadband subscriptions,IT.NET.BBND,Zambia,ZMB,..,21,23400,31800,35900,72200,88900,82300,80600,86400,99000,..
Fixed broadband subscriptions,IT.NET.BBND,Zimbabwe,ZWE,..,..,164000,171000,187000,203000,204000,203000,205000,207000,269000,..
Fixed broadband subscriptions,IT.NET.BBND,Africa Eastern and Southern,AFE,..,..,3100000,3100000,3200000,3500000,4100000,4600000,5600000,6400000,7200000,..
Fixed broadband subscriptions,IT.NET.BBND,Africa Western and Central,AFW,..,..,600000,1000000,1000000,1100000,1200000,1800000,1700000,2000000,2300000,..
Fixed broadband subscriptions,IT.NET.BBND,Arab World,ARB,..,..,18081304,20019879,28218281,30067212,33094284,38885350,44448240,46115501,..,..
Fixed broadband subscriptions,IT.NET.BBND,Caribbean small states,CSS,..,..,389722,430207,458351,380142,494979,574382,575162,..,..,..
Fixed broadband subscriptions,IT.NET.BBND,Central Europe and the Baltics,CEB,..,..,23363768,24120554,25143985,26151133,27181007,28406882,29649272,30906039,..,..
Fixed broadband subscriptions,IT.NET.BBND,Early-demographic dividend,EAR,..,..,98206435,110489115,118977804,130214901,139478095,163500628,185919719,197097026,..,..
Fixed broadband subscriptions,IT.NET.BBND,East Asia & Pacific,EAS,..,5502154,378200000,429800000,507900000,528700000,580200000,623300000,685600000,744900000,794400000,..
Fixed broadband subscriptions,IT.NET.BBND,East Asia & Pacific (excluding high income),EAP,..,26660,301262306,350329750,426573136,445595846,494878357,536159450,595137117,652624450,..,..
Fixed broadband subscriptions,IT.NET.BBND,East Asia & Pacific (IDA & IBRD countries),TEA,..,26660,301300000,350300000,426600000,445600000,494900000,535200000,595100000,652300000,699000000,..
Fixed broadband subscriptions,IT.NET.BBND,Euro area,EMU,..,1309768,114419012,118710944,123156916,126665017,129827746,133712574,137133402,140546555,..,..
Fixed broadband subscriptions,IT.NET.BBND,Europe & Central Asia,ECS,..,..,224300000,233500000,246200000,255000000,262600000,275500000,285500000,293100000,303500000,..
Fixed broadband subscriptions,IT.NET.BBND,Europe & Central Asia (excluding high income),ECA,..,..,27752125,30300016,33062975,35899610,38050221,44003648,47914757,50275629,..,..
Fixed broadband subscriptions,IT.NET.BBND,Europe & Central Asia (IDA & IBRD countries),TEC,..,..,68800000,72300000,79400000,83900000,87200000,95100000,100600000,105500000,111200000,..
Fixed broadband subscriptions,IT.NET.BBND,European Union,EUU,..,1631668,139127853,144211616,149810842,154290371,158462238,163762167,168367743,172887839,..,..
Fixed broadband subscriptions,IT.NET.BBND,Fragile and conflict affected situations,FCS,..,..,10000000,11100000,15800000,16200000,18700000,22200000,22500000,22700000,25500000,..
Fixed broadband subscriptions,IT.NET.BBND,Heavily indebted poor countries (HIPC),HPC,..,..,1974106,2812846,2889526,3162916,4162376,5192103,5783135,4957870,..,..
Fixed broadband subscriptions,IT.NET.BBND,High income,HIC,..,15733382,404800000,418300000,435300000,446900000,459200000,478300000,495800000,508800000,522300000,..
Fixed broadband subscriptions,IT.NET.BBND,IBRD only,IBD,..,..,467200000,527100000,621000000,652900000,712000000,777400000,859400000,935800000,1000700000,..
Fixed broadband subscriptions,IT.NET.BBND,IDA & IBRD total,IBT,..,..,480500000,545000000,641300000,675800000,735700000,807100000,894400000,975100000,1043900000,..
Fixed broadband subscriptions,IT.NET.BBND,IDA blend,IDB,..,..,4100000,6200000,6800000,7500000,6900000,9700000,12400000,14400000,16800000,..
Fixed broadband subscriptions,IT.NET.BBND,IDA only,IDX,..,..,9200000,11700000,13600000,15400000,16800000,20000000,22600000,24900000,26400000,..
Fixed broadband subscriptions,IT.NET.BBND,IDA total,IDA,..,..,13200000,17900000,20400000,22900000,23700000,29700000,35000000,39300000,43200000,..
Fixed broadband subscriptions,IT.NET.BBND,Late-demographic dividend,LTE,..,143827,385464311,437059320,521640326,543560449,593475820,639870557,705520735,769017973,..,..
Fixed broadband subscriptions,IT.NET.BBND,Latin America & Caribbean,LCN,..,138033,67100000,71500000,76700000,82700000,86800000,97100000,107800000,115800000,120800000,..
Fixed broadband subscriptions,IT.NET.BBND,Latin America & Caribbean (excluding high income),LAC,..,125880,59264966,63392441,68318078,73447526,77930829,87615313,96941561,101323399,..,..
Fixed broadband subscriptions,IT.NET.BBND,Latin America & the Caribbean (IDA & IBRD countries),TLA,..,138033,66200000,70700000,75900000,81800000,85800000,96000000,106500000,114500000,119500000,..
Fixed broadband subscriptions,IT.NET.BBND,Least developed countries: UN classification,LDC,..,..,7127078,8901679,9990762,11193032,12442892,15327743,17110575,16627031,..,..
Fixed broadband subscriptions,IT.NET.BBND,Low & middle income,LMY,..,..,432753986,495944019,587717870,619173352,678983202,748864209,832439713,901581012,..,..
Fixed broadband subscriptions,IT.NET.BBND,Low income,LIC,..,..,2000000,2300000,2200000,2300000,2600000,2900000,3100000,3400000,3500000,..
Fixed broadband subscriptions,IT.NET.BBND,Lower middle income,LMC,..,..,45000000,53500000,59000000,65900000,73800000,89300000,105500000,118300000,129800000,..
Fixed broadband subscriptions,IT.NET.BBND,Middle East & North Africa,MEA,..,..,26900000,29900000,39200000,42800000,44300000,51100000,57900000,63600000,68700000,..
Fixed broadband subscriptions,IT.NET.BBND,Middle East & North Africa (excluding high income),MNA,..,..,16219582,18930022,26342911,29061340,30746369,36116698,39718065,38524470,..,..
Fixed broadband subscriptions,IT.NET.BBND,Middle East & North Africa (IDA & IBRD countries),TMN,..,..,15900000,18600000,26000000,29000000,30400000,35700000,39300000,41800000,45600000,..
Fixed broadband subscriptions,IT.NET.BBND,Middle income,MIC,..,..,430725244,493662706,585497938,617118529,676411607,745988937,829308024,900352372,..,..
Fixed broadband subscriptions,IT.NET.BBND,North America,NAC,..,8480806,115400000,119100000,122100000,125200000,129500000,136800000,141900000,144400000,147700000,..
Fixed broadband subscriptions,IT.NET.BBND,Not classified,INX,..,..,..,..,..,..,..,..,..,..,..,..
Fixed broadband subscriptions,IT.NET.BBND,OECD members,OED,..,15006644,380122100,394560081,408708530,421502631,434366770,456648099,471516483,481180149,..,..
Fixed broadband subscriptions,IT.NET.BBND,Other small states,OSS,..,..,1662601,1710570,1799097,1849097,1970415,2065902,2179591,2279111,..,..
Fixed broadband subscriptions,IT.NET.BBND,Pacific island small states,PSS,..,..,29061,28255,23330,24883,41887,40724,42473,..,..,..
Fixed broadband subscriptions,IT.NET.BBND,Post-demographic dividend,PST,..,15491314,349397579,361610072,372405782,381778901,393951489,409730473,419408052,427309962,..,..
Fixed broadband subscriptions,IT.NET.BBND,Pre-demographic dividend,PRE,..,..,1160205,1730105,6616717,7059361,7719317,10253395,10529866,10744637,..,..
Fixed broadband subscriptions,IT.NET.BBND,Small states,SST,..,..,2100000,2200000,2300000,2300000,2500000,2700000,2900000,3000000,3100000,..
Fixed broadband subscriptions,IT.NET.BBND,South Asia,SAS,..,..,24600000,28900000,29300000,30800000,32100000,38600000,45400000,52600000,59100000,..
Fixed broadband subscriptions,IT.NET.BBND,South Asia (IDA & IBRD),TSA,..,..,24600000,28900000,29300000,30800000,32100000,38600000,45400000,52600000,59100000,..
Fixed broadband subscriptions,IT.NET.BBND,Sub-Saharan Africa,SSF,..,..,3700000,4100000,4200000,4600000,5300000,6400000,7400000,8500000,9600000,..
Fixed broadband subscriptions,IT.NET.BBND,Sub-Saharan Africa (excluding high income),SSA,..,..,3639380,4086781,4160112,4373332,5321881,6378369,7313987,8030378,..,..
Fixed broadband subscriptions,IT.NET.BBND,Sub-Saharan Africa (IDA & IBRD countries),TSS,..,..,3700000,4100000,4200000,4600000,5300000,6400000,7400000,8500000,9600000,..
Fixed broadband subscriptions,IT.NET.BBND,Upper middle income,UMC,..,152043,385800000,440200000,526500000,552200000,602700000,655700000,724600000,789600000,845500000,..
Fixed broadband subscriptions,IT.NET.BBND,World,WLD,..,..,841300000,918100000,1027000000,1071100000,1140800000,1228800000,1328200000,1418700000,1495600000,..
,,,,,,,,,,,,,,,
,,,,,,,,,,,,,,,
,,,,,,,,,,,,,,,
Data from database: World Development Indicators,,,,,,,,,,,,,,,
Last Updated: 04/15/2025,,,,,,,,,,,,,,,
